{
    "position": {
        "x": 0.0,
        "y": 0.0,
        "z": 0.0
    },
    "rotation": {
        "x": 0.0,
        "y": 0.0,
        "z": 0.09559860080480576,
        "w": 0.9954200387001038
    },
    "scale": {
        "x": 1.0,
        "y": 1.0,
        "z": 1.0
    }
}