{
    "position": {
        "x": 0.0,
        "y": 0.0,
        "z": 0.0
    },
    "rotation": {
        "x": 0.0,
        "y": 0.0,
        "z": -0.05190366879105568,
        "w": 0.9986521005630493
    },
    "scale": {
        "x": 1.0,
        "y": 1.0,
        "z": 1.0
    }
}