{
    "position": {
        "x": 0.0,
        "y": 0.0,
        "z": 0.0
    },
    "rotation": {
        "x": 0.0,
        "y": 0.0,
        "z": 0.22693555057048798,
        "w": 0.973909854888916
    },
    "scale": {
        "x": 1.0,
        "y": 1.0,
        "z": 1.0
    }
}